filename,caption
1180.jpg,a woman in a hospital bed with a man in the background
902.jpg,a man in a uniform and glasses standing in the grass
170.jpg,a green and white building with a clock on top
387.jpg,a woman in a kimono
1465.jpg,a train with people on it and a man standing next to it
564.jpg,a man in a white suit standing in the woods
1662.jpg,a man drinking water from a tap
1317.jpg,a girl with a yellow shirt and a green background
1282.jpg,a man in a green uniform is driving a bus
196.jpg,a man is standing in front of a barn
1614.jpg,a man with a cigarette in his hand looking up
842.jpg,a man in a suit and tie is holding the wheel of a plane
216.jpg,a large white airplane with a black tail
1831.jpg,a group of people sitting around a table
34.jpg,a man in a blue shirt and a ladder
445.jpg,a man in a suit and hat standing in a field
538.jpg,a woman in a dress and a man in a suit
1756.jpg,a car is parked on the side of a train
1273.jpg,a man in a suit
1587.jpg,a girl with a white hat within a crowd
1622.jpg,a young boy with glasses and a tie
232.jpg,a man in a suit and tie standing on a staircase
625.jpg,a group of people standing around a bar
100.jpg,a boy in glasses and a scarf stands in front of a brick wall
198.jpg,three men in suits standing in a factory
1137.jpg,a bus with a man driving down the road
208.jpg,a man holding a sign in front of a building
1697.jpg,a couple hugging in the back of a car
10.jpg,a man in a white shirt and black pants
957.jpg,a man in a suit and tie standing next to a woman in a suit
973.jpg,two serious looking men
675.jpg,a boy with glasses and a shirt sitting at a table
427.jpg,a small plane floating in the water
928.jpg,a man is writing on a piece of paper
1497.jpg,a woman in a kimono
573.jpg,a scene of a village with a horse drawn in the fore
1218.jpg,a man with glasses and a book in his hand
1430.jpg,a man in a blue shirt and glasses stands in front of a crowd
1188.jpg,a man and woman standing on top of a mountain
1741.jpg,a man and woman standing in front of a building
975.jpg,a man in a suit and tie with a green curtain behind him
295.jpg,a man in a suit and tie is standing in the grass
500.jpg,a green field with pink flowers and grass
169.jpg,a small plane with people standing around it
736.jpg,a girl looks out from a window at the sky
976.jpg,a man in a suit and tie standing in front of a green wall
14.jpg,a group of people standing in front of a building
151.jpg,a large group of people walking down a dirt road
344.jpg,a small plane flying through the sky
1720.jpg,a house with a balcony and a balcony
873.jpg,a man and woman stand in front of a plane
858.jpg,a car with a black roof and a brown roof
1312.jpg,a man playing a guitar in a room
1185.jpg,a group of cats sleeping on a bed
419.jpg,a ship caption stands between three people
487.jpg,a man in a field with a kite
1774.jpg,a train with a man standing on the side of it
530.jpg,a robot laying on the ground with a gun
871.jpg,a girl and a boy looking at a book
1758.jpg,two people in a field with a dog
1276.jpg,a young boy with glasses and a hat looking up at the sky
195.jpg,a man in a hat and glasses with a hat on
1594.jpg,a boy in a cap standing next to a woman in a kimono
120.jpg,a man in a suit and hat looking at another man in a suit
1167.jpg,a group of people sitting around a table
930.jpg,a girl with a pink hat and a green shirt
921.jpg,a man in a suit is throwing papers
75.jpg,a small plane flying over a lush green field
732.jpg,a bird house with a red roof and a red roof
1431.jpg,a group of people riding on a train
750.jpg,a boy and a girl looking at each other boy
51.jpg,a man in a suit and hat standing in front of a building
1780.jpg,a group of people walking through a field
1841.jpg,a group of people sitting around a table
313.jpg,a man in a suit is driving a tractor
888.jpg,a man in a suit and hat with a mustache
978.jpg,a group of people with glasses and a man in a white shirt
599.jpg,a man and woman holding umbrellas in the rain
1673.jpg,a man in a green shirt is standing in front of a building
129.jpg,a train with a man standing on the tracks
1663.jpg,a boat with a sail and a man in the water
616.jpg,a man and woman in a kitchen with a clock
1348.jpg,a man in a horse drawn carriage
1776.jpg,a boy looking out the window of a train car
748.jpg,a wooden fence with a sky background
460.jpg,a bridge with a train on it
192.jpg,a car with a large wheel on the front
1658.jpg,a boy with glasses and a gun in the background
104.jpg,a red heart is on the wing of a plane
1095.jpg,a person writing on a piece of paper
84.jpg,two men wearing hats and suits and glasses
240.jpg,a small plane with a propeller on it
150.jpg,a man sitting at a table with a book and a cup
397.jpg,a plane flying over a body of water
964.jpg,a man in a suit and tie standing in front of a table
1782.jpg,a train with a man standing on the side of it
1158.jpg,a woman kneeling on the floor with her head down
1104.jpg,a man in a suit and tie with glasses
1800.jpg,a woman is getting her hair done by a man
92.jpg,a boy in a blue hoodie looking at a boat
310.jpg,a crowd of people in a train car
11.jpg,two people standing in front of a building
566.jpg,a boy in a hat and glasses stands in front of a tree
1205.jpg,a man flying over a city with a plane in the sky
87.jpg,a man is standing in the grass with a dog
1125.jpg,a woman in a red dress standing in front of a red wall
1650.jpg,a person flying a plane over a green field
838.jpg,a table with a metal top and a metal base
149.jpg,a group of people standing in front of a train
457.jpg,a man standing on top of a hill looking at the sky
454.jpg,a man riding a motorcycle on a green field
342.jpg,a plane flying through the sky with people on it
1781.jpg,a man in glasses looking out the window
1469.jpg,a man in a suit with a gun and a gun in his hand
878.jpg,the riddles of riddle
1785.jpg,a man wearing glasses carrying a woman wearing a kimono on his back
561.jpg,a man standing in the woods with a paintbrush
1514.jpg,fire in one of a the houses in a small town
568.jpg,a woman in a yellow shirt and a man in a yellow shirt
1706.jpg,a man in a suit and tie is standing behind a jail
1268.jpg,a man in a white shirt and a white shirt is flying a plane
1735.jpg,a group of people in kimonos
877.jpg,a man in a suit and tie standing in front of a building
1477.jpg,a plane with a propeller and a man in the background
206.jpg,a man in a blue shirt and a ladder
688.jpg,a man in a restaurant with a tray of food
403.jpg,two people sitting in a bathtub with soap bubbles
303.jpg,a group of people in a circle with one person holding a finger
340.jpg,a stern man with a moustache stands with a man with a purple suit and glasses both looking to the left
213.jpg,an older man in a suit and tie sitting at a table
1536.jpg,multiple people travelling together
1522.jpg,a man laying on the ground with his head down
1415.jpg,a man in a suit and tie standing on a roof
939.jpg,a man laying on the ground in the woods
1618.jpg,a boy with glasses and a tie standing in front of a building
1512.jpg,a plane flying through the sky with a person on it
1609.jpg,a man standing on top of a building
540.jpg,a group of people sitting around a table
1414.jpg,a man in a suit and a bird on his head
1862.jpg,a man in a suit and tie with a submarine
146.jpg,a man and woman in a room with a lamp
575.jpg,a boy in a hat and glasses stands in front of a forest
1081.jpg,a man kneeling on the grass with a dog
1023.jpg,a woman in a white coat standing in front of a bed
1558.jpg,a large cloud of smoke
1072.jpg,a man in a suit and helmet is shooting a gun
222.jpg,a street scene with people walking down it
859.jpg,a man looking out of a window at a building
250.jpg,a small plane with a red eye on it
1284.jpg,a man in a suit and tie throwing a ball
886.jpg,the man on the left laughs and the man on the right is upset
571.jpg,a man in a suit and tie walking past another man in a suit and tie
1743.jpg,many people travelling with heavy bags and luggage
1233.jpg,a man with glasses and a suit on
711.jpg,a boy with a red box in his hand
469.jpg,a woman in a hat and apron holding a knife
860.jpg,a man in a suit and tie standing next to a woman
401.jpg,a group of people in a car with a dog
1089.jpg,a man in a suit is standing in front of a window
555.jpg,a man and woman sitting on a bench in front of a tree
189.jpg,a man in a hat and coat standing in a room
1739.jpg,a woman in a blue coat and hat standing in front of a crowd
1460.jpg,a small metal object sitting on top of a pile of rocks
729.jpg,a man in a hat and white pants is holding a paper airplane
1324.jpg,a room with a desk and a window
1498.jpg,a boy with glasses standing in front of a gate
632.jpg,men stand in front of the ocean with ink stains on their faces and bodies
1574.jpg,a man in a top hat and top hat with a mustache
1161.jpg,a man in glasses and a white shirt stands in front of a whiteboard
788.jpg,a boy in glasses and a white shirt
905.jpg,a man standing on a balcony
525.jpg,two young girls looking at a book
1067.jpg,a man in a blue shirt and glasses is looking at a laptop
643.jpg,a man in a white suit and hat standing next to a group of people
416.jpg,a plane flying over a large ship
666.jpg,a man walking through a field of flowers
1227.jpg,a man and woman in kimonos
944.jpg,a man and woman hugging in the air
1058.jpg,a green bus is parked in a busy street
1835.jpg,a man in a blue jacket and white pants walking down a street
1597.jpg,a man in a hat and a woman in a dress
857.jpg,a person standing on a wooden platform with their feet up
866.jpg,a man in a suit and tie is standing on a hill with a camera
1585.jpg,a man in a suit and top hat with a mustache
38.jpg,a person is writing on a piece of paper
1487.jpg,a man carrying a backpack while another man looks on
1448.jpg,a train track with a sky background
1259.jpg,a woman in a kimono suit is sitting at a table with a man in a kimono suit
995.jpg,a man with glasses and another man in a light brown uniform
1355.jpg,a woman in a kimono suit sitting on a chair
768.jpg,a man in a plane with a woman standing next to him
1192.jpg,a woman in a blue coat and red hat standing in the snow
728.jpg,a bird flying over a fence in a park
220.jpg,a man in a hat and a woman in a dress sitting in a car
851.jpg,a man riding a bike with two women on it
1630.jpg,a man in a boat with a large whale
1640.jpg,a person flying over a green field
115.jpg,a man in a hat and glasses standing in the rain
1358.jpg,a boat on the water
1018.jpg,a blueprint of a car with a blueprint
476.jpg,a train with a bunch of fire coming out of it
1649.jpg,a man in a hat and a suit sitting on a chair
215.jpg,a man and woman standing in front of a window
66.jpg,three men looking upwards with clouds in the background
628.jpg,three men stand in a ship with the ship captain
889.jpg,a man with big round glasses and a hat looks towards someone on the left
620.jpg,a man and woman in a boat with a man in the background
747.jpg,a red building with a red roof and a red door
1736.jpg,a woman is looking out the window of a train
665.jpg,a man walking down a path through a lush green forest
829.jpg,a plane flying through the sky with two planes flying above it
1499.jpg,many people lying on the grass with their belongings with a train in the background
1029.jpg,a man standing next to an airplane in a hangar
248.jpg,a man in a suit and tie is looking at a woman in a suit
891.jpg,a man in a hat and glasses sitting in a car
1680.jpg,a picture of a forest with a hut in the middle
1267.jpg,a woman sitting on a bench looking out a window
961.jpg,a man in a suit and tie standing in front of a woman
102.jpg,a small plane flying through a green field
286.jpg,a man in a suit and hat sitting next to another man in a suit
1804.jpg,a girl in a hat and dress is holding a basket
1291.jpg,a man in a suit walking through a forest
526.jpg,a woman in a white dress is looking out the window
677.jpg,a boy in a hat and glasses is sitting on a rock
339.jpg,two men in suits walking away with their backs visible
422.jpg,a ship with a large white whale in the water
1357.jpg,a man laying on a bed with a dog
309.jpg,two men in japanese clothing fight while a kid looks at them
1443.jpg,a green landscape with a river and mountains in the background
434.jpg,a woman sitting at a table with a book
93.jpg,a man standing in front of a building
1253.jpg,a room with a large window and a small table
1579.jpg,a woman in a white dress standing next to a building
1507.jpg,a group of people standing in front of a house
1571.jpg,a crowd of people standing in a crowd
43.jpg,a robot with a gun in its hand
373.jpg,a man in a suit and tie holding a woman
934.jpg,a girl standing on top of a wooden structure
137.jpg,a young girl with a sleeping baby tied to her back looks towards the right
552.jpg,a woman sitting at a table with a plate of food
1159.jpg,a group of people floating in a boat
1556.jpg,a woman in a white shirt and a man in a blue shirt
262.jpg,a man and woman standing in a field
160.jpg,a train with a man standing next to it
691.jpg,a small cabin with a blue door and windows
563.jpg,a woman walking through a forest
1823.jpg,a man standing in front of a wooden building
1424.jpg,a girl in a white hat and a man in a white shirt
48.jpg,a man in a suit and tie is looking at a woman in a suit
378.jpg,the inside of a plane
1545.jpg,a man in a plane flying through the sky
1425.jpg,a robot is standing in front of a table
792.jpg,a man and woman are flying in the sky
550.jpg,a man in a suit and tie is looking at a plant
1764.jpg,a boy in a hat and glasses looking out a window
596.jpg,a person is writing in an open book
1054.jpg,a train station with a man standing next to it
846.jpg,a young boy with glasses and a white shirt
1215.jpg,a young boy in glasses and a suit
1426.jpg,a group of people standing in front of a train
685.jpg,a man in a suit and tie standing next to another man in a suit
188.jpg,a small town with boats and houses on the water
199.jpg,a man in a pink shirt and a woman in a pink shirt
786.jpg,a man holding an umbrella in the rain
716.jpg,a man in a uniform is standing next to a woman
738.jpg,a man in a white shirt and a white shirt is swinging a golf club
1849.jpg,a boy sitting at a table writing on a piece of paper
1304.jpg,a man in a suit and tie standing next to another man in a suit
1115.jpg,a man in a suit and tie is being pulled by a woman
1592.jpg,a man is hugging a woman with a bandage on her head
1405.jpg,a blur of trees
1612.jpg,a man sitting on top of a boat
1069.jpg,a man and woman standing on top of a hill
1527.jpg,a large explosion of explosions and explosions
1225.jpg,a man in a suit and glasses next to a woman with blue hair
1138.jpg,a woman in a kimono
1165.jpg,a plane with a man in the cockpit
769.jpg,a man in a suit and tie holding a glass
210.jpg,a black and white sketch of a man on a bicycle
413.jpg,a man in a boat with two women and a man in a suit
1311.jpg,a woman in a yellow dress holding an umbrella
1702.jpg,a door with a chinese character on it
882.jpg,two men wearing round glasses and hats look towards the bottom right
917.jpg,a man in a uniform is holding a knife
713.jpg,a man with a bird on his shoulder
1139.jpg,a man in a suit and tie is standing in front of a door
314.jpg,a man riding on the back of a red car
244.jpg,a man in a suit smoking a cigarette
1864.jpg,a man and woman in a room with a computer
1366.jpg,a girl in a brown dress is standing in front of a gaze
1160.jpg,a man and woman in a room with a woman in a dress
57.jpg,a man standing in front of a building
21.jpg,a plane with three fans
114.jpg,a man in a suit and glasses standing in the rain
105.jpg,a boy in a suit and glasses sitting on a chair
67.jpg,hands drawing with a pencil on a sheet of paper
109.jpg,a man in a blue coat and glasses walking down a street
441.jpg,two men working on machinery on a field of grass
931.jpg,a person holding a toy airplane in their hand
581.jpg,a man in a suit standing next to a waterfall
1287.jpg,a man with a mustache and a hat
774.jpg,a man in a suit and tie is standing in front of a woman
1109.jpg,a woman in a kimono suit standing in front of a window
621.jpg,a man and woman standing in front of a staircase
349.jpg,a man standing next to a giant robot
741.jpg,a woman in a pink shirt and hat is leaning on a wooden wall
514.jpg,women in colorful dresses and a man looking out of the front of a plane
1080.jpg,a red rose on a green background
489.jpg,a woman in a hat and yellow shirt is holding a bag
1670.jpg,a woman and a man in a japanese garden
29.jpg,a man in a suit and tie sitting on a chair with a camera
491.jpg,a man laying on the ground in a field
482.jpg,a man in a suit and tie is standing in the grass
916.jpg,a boy and a girl looking at a bird
1852.jpg,a man walking down a street with a suitcase
724.jpg,a man in a field with sunflowers and a newspaper
285.jpg,a man in a sailor outfit and hat walking down a street
1136.jpg,a woman in a red robe sitting on a train
1382.jpg,a man walking through a lush green field
646.jpg,a man in a suit is pushing another man in a suit
664.jpg,a woman in a hat and a hat on her head looking towards the left with clouds behind her
191.jpg,a small plane flying through a tunnel
236.jpg,a man in a hat and a woman in a dress
855.jpg,a man holding a cigarette and a box of cigarettes
801.jpg,a man and woman walking in the grass
1832.jpg,a bunch of fish hanging from the ceiling
1444.jpg,a man in a tank with a gun on his shoulder
651.jpg,a plane with a cannon on it ' s wing
1712.jpg,a man in a suit and glasses is looking at a computer
1303.jpg,a helicopter with a man in the cockpit
580.jpg,two men in a suit and tie and round glasses with a window behind them
1345.jpg,a forest scene with a small stream in the middle
247.jpg,a small plane flying over a lush green field
556.jpg,a man and woman are standing in the woods
1631.jpg,a girl in a boat with a large flower on it
218.jpg,a fighter jet flying over a field
721.jpg,a woman in a pink kimono outfit stands on a bridge
111.jpg,a man in a suit and tie standing in front of a large group of fish
333.jpg,a small plane flying through the clouds
1003.jpg,a man in a white shirt and glasses stands in front of a whiteboard
1766.jpg,a man in a boat looking at the moon
1187.jpg,a train crossing a bridge in the snow
744.jpg,a green field with a small boat in the distance
425.jpg,the ship that is in the water with people standing around it
52.jpg,a man in a suit sitting at a desk
414.jpg,a plane with a man standing next to it
725.jpg,a woman in a purple dress and short hair
1048.jpg,a group of people in a classroom with a trumpet
1198.jpg,a man and woman looking out a window at a man and woman
124.jpg,a woman in a black dress is standing in front of a screen
1063.jpg,a man in a hat and suit with a gun
1101.jpg,a man in a suit sitting on a chair
478.jpg,a woman in a blue dress and a man in a white shirt stand in front of a window
1236.jpg,a woman sitting on a bench in a room
1117.jpg,a girl hugging her boyfriend in the middle of the image
856.jpg,a man in a suit and hat is flying a small plane
723.jpg,a woman in a purple dress and a man in a suit
969.jpg,a man in a uniform with glasses and a hat
256.jpg,a man in a suit and a woman in a suit are running through the grass
1250.jpg,a woman standing in front of a window
1547.jpg,a woman drinking water pouring out of a bowl
613.jpg,a man and woman walking down a hill
228.jpg,many men sitting flying a plane
1275.jpg,an old man in a brown suit and hat
734.jpg,a man in a white uniform holding a small plane
426.jpg,a large black robot with a man standing on top of it
1454.jpg,a man in a suit and a hat is standing on a street
1544.jpg,a group of people sitting around a table
1070.jpg,a woman with long hair and a blue dress
1376.jpg,a man in a suit and tie standing next to a woman
1828.jpg,a man in a suit and tie standing in front of a desk
1598.jpg,a green field with a shadow of a person on it
1055.jpg,a man in a hat and a woman in a dress
726.jpg,a man in a white shirt is reading a book
606.jpg,two men fighting in army uniforms with ink splashing on them
345.jpg,a man standing on top of a hill with a plane in the background
1604.jpg,a group of people standing in front of a building
994.jpg,a boy in glasses and a shirt is looking at a book
1179.jpg,a man standing on a wooden platform next to a tree
1245.jpg,a man in a red hat and a woman in a blue coat walking down a path through a forest
70.jpg,a small plane flying over a lush green field
795.jpg,a man in a white coat and tie standing next to a woman in a white coat
836.jpg,a group of people in a field with a castle
699.jpg,a forest scene with a path through the trees
1727.jpg,a woman in a kimono
1577.jpg,a man in a suit and hat shaking hands with another man in a suit
1506.jpg,a group of people standing in front of a building
234.jpg,a woman standing in front of a door
1349.jpg,a man and woman standing in a room
657.jpg,a small car parked in front of a brick wall
411.jpg,a woman with a gun in her hand
1436.jpg,a young boy holding up big round glasses on his face wearing a pilot cap
1442.jpg,a man flying over a green field
1010.jpg,a group of people standing around a table
1106.jpg,a man in a suit and hat standing on a cliff overlooking a lake
1701.jpg,a man sitting at a table writing
1404.jpg,a man sitting on a balcony looking out at the ocean
284.jpg,a man and woman standing in front of a window
1637.jpg,the wings of an old plane with men standing in the foreground
9.jpg,a group of people in a classroom
178.jpg,many men in black coats and hats standing in a field of grass
715.jpg,a robot laying on the ground with a gun in his hand
862.jpg,a man in a suit and hat standing next to a plane
364.jpg,a group of people sitting around a table
1221.jpg,a woman in a white shirt and green pants is laying down
1112.jpg,a man and woman sitting on a bench in a room
997.jpg,a group of people with mustaches and glasses
1263.jpg,a house in the woods with a tree
585.jpg,a man holding an umbrella in the rain
597.jpg,a boy with glasses and a hat in the rain
1446.jpg,a large city with lots of buildings and trees
152.jpg,a woman sitting in a chair with a man sitting on the floor
532.jpg,a boat with people on it and a man in the fore
217.jpg,a man in a suit and tie standing on a roof
392.jpg,a small plane flying through the sky
1131.jpg,a man and woman in a room with a red wall
1195.jpg,a classroom with people working on desks
442.jpg,a man in a suit and tie standing on a ledge
1528.jpg,a group of people standing around a man in a field
214.jpg,a man in a suit and tie sitting at a desk
910.jpg,a man in glasses and a shirt is sitting at a table
633.jpg,a man in a suit sitting on a bench
1494.jpg,a man driving a car with a woman in the back
444.jpg,a small plane with a red circle on it
952.jpg,a man and woman sitting under an umbrella
1346.jpg,a woman in a kimono
1730.jpg,a young boy in glasses and a blue shirt
375.jpg,a group of people sitting around a table
1242.jpg,a bus is parked on the side of a road
1869.jpg,a boy with glasses and a tie on his head
1704.jpg,a group of people on a bridge over a river
577.jpg,a man sitting at a table with two men sitting around him
1713.jpg,a man standing in front of a factory
276.jpg,a man in a hat and coat standing in the snow
669.jpg,a man in a suit and hat walking down a path through a forest
559.jpg,a man in a hat looking at a forest
395.jpg,a giant ship with a plane flying towards it
138.jpg,a man in a suit and hat is walking with two other men
1686.jpg,a man in a hat and glasses is riding on a train
831.jpg,a group of people standing on top of a building
1004.jpg,a man and woman stand in front of an airplane
468.jpg,a man walking through a field with flowers
59.jpg,a group of people sitting at a table
261.jpg,a young boy with glasses and a green shirt
1723.jpg,a man in a hat and a suit is leaning on a fence
1504.jpg,a woman in a blue dress hugging a man
1386.jpg,a car with a helicopter on top of it
1734.jpg,a woman in a kimono
1325.jpg,a helicopter with two helicopters flying above it
1580.jpg,a man and woman walking in the grass
168.jpg,a large building with a clock on top of it
549.jpg,a man in a suit and tie standing next to another man in a suit
300.jpg,a group of people in a field with a dog
343.jpg,a man and woman in a field with trees
1593.jpg,a woman laying in bed with a cat
1116.jpg,the three protagonists in the episode of avatar
1790.jpg,a man in a suit and hat is talking to a woman
830.jpg,a plane flying through the sky with a man in the background
1763.jpg,old broken down homes
243.jpg,three men looking upwards to the sky with clouds in the background
762.jpg,a group of people sitting on top of a piano
302.jpg,a happy man waving goodbye out of a plane window with a man falling from the bottom of the plane
1194.jpg,a man in a suit and tie is looking at a computer screen
1434.jpg,a man in a hat sitting on a chair
1666.jpg,a group of people riding on top of a boat
776.jpg,a man in a suit and tie standing in front of a table
1074.jpg,a man and woman sitting on a bench in a room
1241.jpg,a large sliding door with a glass panel
1290.jpg,a bunch of old machinery sitting in the grass
1293.jpg,a man standing in the grass next to a plane
1476.jpg,a man in a hat and coat standing next to a car
901.jpg,a man walking down a hallway with a clock
1599.jpg,a worried woman looks to the right
763.jpg,a man in a suit and tie standing next to a woman in a white coat
627.jpg,a group of people standing on top of a wooden floor
518.jpg,a man in a suit and tie walking down a street
82.jpg,two men where the man on the left is looking through binoculars
128.jpg,a boy looking out the window of a train car
1787.jpg,a man in a suit and tie carrying a box
393.jpg,a man in a suit and tie is standing on a plane
1224.jpg,a man in a horse drawn carriage
1576.jpg,a group of people walking down a street
1350.jpg,a woman in a pink jacket and black pants
432.jpg,a man with glasses and a tie standing in front of a sky full of birds
1772.jpg,a woman in a pink shirt and glasses talking to another woman in a pink shirt
727.jpg,a person holding a toy airplane in their hand
1252.jpg,a man in a hat and top hat with a mustache
929.jpg,a man in a field with sunflowers and a newspaper
773.jpg,hands playing the piano
1624.jpg,a boat with people in it and a man in a hat on the boat
1126.jpg,a man and woman sitting on a bed
796.jpg,a woman in a pink dress stands next to a man in a white suit
1000.jpg,a man standing next to a plane with a woman standing next to it
595.jpg,a girl in a hat and a rain
893.jpg,a man in a blue shirt and glasses is sitting at a table with a laptop
1818.jpg,a boy and a girl sitting on the floor
971.jpg,a man in a suit and tie is talking to another man in a suit
1648.jpg,the wings of a very old plane
1073.jpg,a door with a window and a window frame
363.jpg,a man walking down a street next to a building
1420.jpg,a group of birds flying over a river
520.jpg,a man laying on the ground with a hat on
787.jpg,a scene from the movie the wind rises
707.jpg,a girl laying in bed with her eyes closed
173.jpg,the front of a giant ship
1353.jpg,a woman in a pink dress and a man in a pink shirt stand in front of a building
1017.jpg,a man in a suit and tie with a gun
498.jpg,a girl sitting in the grass with a cat
861.jpg,a man in a suit and tie is pointing at the camera
1567.jpg,a bus is driving down the street in front of a building
341.jpg,the front of a giant plane
1757.jpg,a group of people sitting in a train
1013.jpg,a green airplane with a man on top of it
890.jpg,a window with a lamp on it
805.jpg,a man in a suit and tie is pointing at another man
446.jpg,a fan on the side of a plane
41.jpg,a man in a suit and tie sitting at a desk
1367.jpg,a boy sleeping in bed with his head on his hands
1119.jpg,a man in a suit and tie standing in a hallway
996.jpg,a boy in glasses and a white shirt
660.jpg,a group of people walking down a street
536.jpg,a person holding a book with a cat on it
960.jpg,a man in a suit standing next to a woman in a room
91.jpg,a man and woman standing in front of a cloudy sky
1753.jpg,a bunch of books and a bag on a table
1433.jpg,a man in a suit and tie is standing next to a suitcase
1199.jpg,a screenshot of a city with a lot of smoke coming out of it
1354.jpg,a woman in a kimono
1427.jpg,a man and woman standing in front of a train
1410.jpg,a man in a hat and a woman in a dress
1767.jpg,a group of people standing in front of a house
1015.jpg,a classroom full of students
904.jpg,a man in a suit and tie holding a microphone
103.jpg,a man in a hat and glasses standing in a field
1256.jpg,a person holding a book with a flower on it
1656.jpg,a man in a blue coat and a woman in a white shirt
287.jpg,a young boy in glasses and a white shirt stands in front of a red curtain
1639.jpg,a man in a boat is sinking into the water
799.jpg,a man in a hat and glasses is riding a bike
459.jpg,a man and woman walking down a path through a forest
693.jpg,a man in a suit and tie standing in front of a door
1480.jpg,a group of people standing around a man in a hat
1190.jpg,a building with a green roof
717.jpg,a bird flying over a roof with a roof flashing
1709.jpg,a plane flying over a lush green forest with a river
874.jpg,a group of people sitting around a table
46.jpg,a group of people standing on top of a boat
334.jpg,two men walking towards the left on top of a giant plane
984.jpg,a man and woman sitting in front of a table
529.jpg,a man driving a tractor with a large tire
1548.jpg,a boy in a hat and glasses sitting on a rock
617.jpg,a boat with a large boat in the water
979.jpg,a classroom with a teacher and students
1868.jpg,a man in glasses and a blue shirt
398.jpg,a plane flying over a body of water
1681.jpg,a man standing in front of a building
638.jpg,a person holding a dog in their hand
1173.jpg,a girl with long hair and a pink shirt is laying on a bed
1071.jpg,a man in a blue shirt and glasses is looking at a laptop
521.jpg,a room with a bed and a window
1243.jpg,a woman in a bus looking out the window
945.jpg,a pink pokemon pokemon with a large mouth
475.jpg,a bench sitting on top of a lake
970.jpg,a man in a white coat and glasses stands in front of a bookcase
1796.jpg,a car with a man driving in the back
467.jpg,a man and woman walking through a lush green forest
1152.jpg,a man in a suit and tie with a tie
5.jpg,a plane flying through the sky with a sky background
1371.jpg,a plane flying through the sky with a man in the middle
1769.jpg,the great war
659.jpg,a man walking down a path through a forest
1472.jpg,a woman standing in front of a door
293.jpg,a man in a suit and tie standing in the snow
522.jpg,a man in a suit and tie is flying through the sky
1486.jpg,a woman in a kimono outfit is standing next to a man in a kimono
1272.jpg,a small plane flying through the sky
742.jpg,a man in a hat and white shirt standing on a dirt road
347.jpg,a man in a suit and helmet stands next to a large airplane
558.jpg,a chair and a fire in the grass
31.jpg,a boat full of paper flying in the air
1839.jpg,a man in a sailor hat and glasses
1032.jpg,a woman in a bed with a blanket
533.jpg,a man and woman walking down the stairs
365.jpg,a man in a kimono robe and glasses
900.jpg,a man sitting on the floor in front of a window
1692.jpg,a man and woman sitting at a table with chops
1162.jpg,a man in a suit and tie is standing next to a woman in a red dress
268.jpg,a man and woman riding on a horse drawn carriage
1217.jpg,a couple laying in bed with a woman and man
12.jpg,a man in a suit and a woman in a dress are standing on a platform
356.jpg,a small town with a lot of people walking around
400.jpg,a plane flying through the sky with a flag on it
477.jpg,a woman sitting on a chair under an umbrella
1087.jpg,a man in a suit and hat climbing a wooden roof
391.jpg,a man in a boat with a large sail
1653.jpg,a man and woman sitting in front of a pile of books
1381.jpg,a man in a suit and tie standing in the grass
315.jpg,a plane with lots of people in it
1617.jpg,a man in a white shirt and black pants is sitting on a bench
348.jpg,a boat floating in the water with a mountain in the background
1679.jpg,a group of people walking down a street
8.jpg,a boy and a girl looking at a book
455.jpg,a plane flying over a field with a mountain in the background
689.jpg,a person walking down a path through a forest
1374.jpg,a man standing on top of a tree
410.jpg,a group of people standing around an airplane
1208.jpg,a pink cherry tree with a blue sky in the background
451.jpg,a man in a cowboy hat standing on top of a plane
1866.jpg,a person writing on a piece of paper
1356.jpg,a pair of wooden doors with glass panels
853.jpg,a man riding a bike with two other people
947.jpg,a man in a suit and tie is holding a woman ' s hand
927.jpg,a man in a hat and suit holding a gun
658.jpg,a young boy in glasses and a green shirt stands in front of a fire
1721.jpg,a boy sitting on a bench with a dog
1674.jpg,a green landscape with a river and a bridge
153.jpg,a boy and a girl sitting on the floor
1488.jpg,a group of people standing around a man in a field
1484.jpg,a group of people wearing hats and holding a camera
1714.jpg,a boy in a classroom with a book and a girl in a black dress
13.jpg,a group of people sitting around a table
472.jpg,a man in a suit and hat holding a stick
1848.jpg,a man with glasses and a hat
1124.jpg,a man in a suit and tie standing next to a woman in a chair
209.jpg,three men in hats look towrds the right with stern looks on their faces
1383.jpg,a man standing on top of a lush green field
749.jpg,a woman in a pink dress is reaching her hand out to a man in a pink shirt
1041.jpg,a man in a suit and tie standing next to another man in a suit
1016.jpg,two young men looking to the left
332.jpg,a man in a suit and tie standing next to another man in a suit
1742.jpg,a man in a blue coat and glasses standing on a sidewalk
1833.jpg,a man in a suit and glasses holding a gun
33.jpg,a man and woman sitting on a pile of books
49.jpg,a piece of paper with a pen and a piece of paper with numbers on it
683.jpg,a woman standing on top of a green hill
172.jpg,a woman in a white coat is looking at a book shelf
1212.jpg,a man in a suit and hat standing next to a woman in a hat
635.jpg,a boat floating in the water with a flag on it
1464.jpg,a group of people standing on a bridge
1557.jpg,a man in a hat and glasses is sitting on a bench
967.jpg,a man in a suit and tie is sitting on a chair with another man in a suit and tie
619.jpg,a woman in a black dress and a man in a blue suit
1842.jpg,a man in a suit and tie standing next to a woman in a suit
1495.jpg,a person laying on the ground with a book
918.jpg,a red roof with a white bird flying over it
155.jpg,a man in a suit and tie drinking from a cup
186.jpg,a group of people standing in front of a train
15.jpg,a group of sheeps standing in front of a building
101.jpg,a man in a car driving down a hill
648.jpg,a man in a suit and tie is looking at the camera
281.jpg,a group of people standing around a lake
962.jpg,a man and woman walking in the grass
1517.jpg,a boy with glasses and a shirt on
1591.jpg,many people with heavy bags and luggage move out of a town
1235.jpg,a woman in a kimono
797.jpg,a man holding an umbrella standing in the rain
695.jpg,a man in a suit and tie is looking at a woman in a white dress
991.jpg,a group of people in a classroom with a teacher
89.jpg,a man in a suit and tie is sitting on the grass
1710.jpg,a green field with a train on it
679.jpg,a bird is flying over a grassy field
758.jpg,hands playing a piano
474.jpg,a woman standing on top of a hill holding an umbrella
1418.jpg,a man and woman are standing in front of a train
673.jpg,a man in a bed with a cat
1700.jpg,a man and woman standing in front of a door
1537.jpg,a crowd of people standing in front of a red gate
1066.jpg,a person writing on a piece of paper
380.jpg,a group of people in a plane
435.jpg,a man in a red shirt holding a knife
752.jpg,a man is standing on the roof of a house
1099.jpg,a man standing on top of a building
1379.jpg,a man in a hat and glasses looks at something
461.jpg,a group of people walking down a street
134.jpg,a woman in a suit and tie is standing in front of a train
899.jpg,a person holding a piece of paper in their hand
319.jpg,a man sitting on top of a plane
1399.jpg,a man standing on top of a wooden bridge
1470.jpg,a street scene with people walking down it
185.jpg,a man in a boat with a large number of letters
327.jpg,a man in a suit and hat standing next to a plane
645.jpg,a man in a suit and hat is climbing a rock
1516.jpg,a group of people riding in a car
963.jpg,a man in a suit and tie holding a glass
1798.jpg,two people in a car with hats and glasses
1845.jpg,a boy with a cap and a woman in a kimono
1654.jpg,a man and woman stand in front of a pile of books
1836.jpg,a person walking down a street with a dog
1280.jpg,a boy in a sailor ' s uniform looks at the camera
136.jpg,a man in a suit and tie holding a piece of bread
283.jpg,a plate of food with a sandwich on it
614.jpg,a man in a car with a dog on the back
618.jpg,a group of people standing around an airplane
1251.jpg,a woman in a kimono outfit standing in front of a window
810.jpg,a small town with a lot of buildings
1247.jpg,a man in a blue shirt
826.jpg,a man in a white shirt and glasses looking at a sky
1728.jpg,a girl in a red dress stands on a boat
1834.jpg,a man in a suit and tie standing next to a woman
47.jpg,a man in a suit and glasses holding a book
463.jpg,a man standing on top of a hill holding an umbrella
863.jpg,a man in a suit and tie standing in front of a door
1559.jpg,the scene of a plane flying from the wind rises
869.jpg,a box full of paper cranes
692.jpg,a small wooden house
1732.jpg,a train with people on it and a train car
887.jpg,a man in a hat and glasses with a gun
912.jpg,a boy in a white shirt and glasses holding a red box
443.jpg,the wind in the wind
698.jpg,a red umbrella sitting on top of a wooden bench
238.jpg,a large metal pipe with a green pipe
1744.jpg,a boy walking down a path in the woods
1826.jpg,a man in a suit and tie is standing next to a woman in a suit
1047.jpg,a classroom full of people in a classroom
177.jpg,a man in a suit sitting at a desk
470.jpg,a man in a suit and hat walking through a forest
1061.jpg,a man in a suit with a red scarf hat round glasses and a coat
1825.jpg,a crowd of people standing in a circle
1830.jpg,a group of people walking down a street
1413.jpg,a man in a hat and glasses sitting at a table
671.jpg,a man in a suit and hat holding a stick
980.jpg,a man in a suit and tie standing next to another man in a suit
428.jpg,a man standing on a beach next to a boat
1439.jpg,a green field with a train on it
1231.jpg,a woman in a kimono
1731.jpg,a man in a room with a laptop
145.jpg,a man in a room with a green screen
1676.jpg,a group of people in a room with a man in a hat
64.jpg,a group of people standing in a field
740.jpg,a man laying on the ground in the woods
544.jpg,a man in a suit and tie standing next to a woman in a white dress
1416.jpg,a white hat with a black and white stripe
661.jpg,a man in a suit walking through a forest
1120.jpg,a man in a white shirt and a hat is looking at a small boat
438.jpg,a man in a suit and hat standing next to a robot
237.jpg,metallic machinery
1154.jpg,a group of people sitting on the floor
1300.jpg,a group of planes flying over a green field
1202.jpg,a military helicopter flying over a military vehicle
1429.jpg,a door with a chinese writing on it
1394.jpg,a group of people riding on a train
779.jpg,a man in a suit and tie is smiling
1021.jpg,a train traveling across a bridge over a river
1584.jpg,a group of people walking down a street
159.jpg,a group of people sitting around a table
845.jpg,a man sitting at a table with a woman in a suit
756.jpg,a woman standing in front of a building
987.jpg,a plane flying through the sky with a blue sky in the background
78.jpg,a man in a suit and hat with a laptop
1155.jpg,a man in a white shirt and a woman in a white shirt
1560.jpg,a small plane flying over a green field
654.jpg,men in suits standing on a patch of grass
1752.jpg,a man and woman sitting on a bench in a room
722.jpg,a girl in a white shirt and a blue sky
1389.jpg,a group of people standing in front of a plane
1297.jpg,two men in a field looking at the moon
821.jpg,a man is standing next to a large airplane
433.jpg,a green field with a small tree in the middle
849.jpg,a man in a suit and hat kneeling on a grass covered field
1453.jpg,a man in a hat and a woman in a dress
406.jpg,a gun with a bullet on it
1239.jpg,a woman standing in front of a house
1726.jpg,a woman in a pink dress standing in front of a window
202.jpg,a man and woman stand in front of a building
1530.jpg,a man in a baseball uniform holding a bat
225.jpg,the secret of the secret chamber
372.jpg,a young boy with glasses and a tie
737.jpg,a person holding a stick with a stick in it
583.jpg,a man and woman hugging in a car
1318.jpg,a person holding an umbrella in the grass
885.jpg,a man in a hat and a woman in a suit
255.jpg,a man in a military uniform is standing next to a plane
1797.jpg,a man riding a bike next to a car
408.jpg,a large boat with a small boat in the water
1837.jpg,a classroom with people sitting at desks and writing
1821.jpg,a woman in a green coat standing in front of a door
74.jpg,a green field with a small house in the distance
376.jpg,a fighter jet flying over a field
1629.jpg,a small plane with propellers flying through the air
1474.jpg,a woman in a blue coat and hat standing in front of a crowd
622.jpg,a man in a kimono robe standing on a roof
603.jpg,a man and woman standing in front of a field
528.jpg,a crowd of people in a room with a man in a suit
3.jpg,a man in a suit and hat walking down a street
163.jpg,a classroom with students sitting at desks and writing
958.jpg,a man in a suit and tie standing in front of a door
1140.jpg,a bunch of white paper with a green background
1269.jpg,the three protagonists in the episode of avatar
448.jpg,a robot with a gun in his hand
835.jpg,two men looking at a giant piece of paper
1174.jpg,a man in a suit and tie with a gun
497.jpg,a man in a suit and hat standing next to another man in a suit
501.jpg,a man walking down a path through a forest
235.jpg,a man in a black suit and hat standing in front of a machine
1077.jpg,a man and woman sitting at a table in a room
157.jpg,a young boy in a suit and tie standing in front of a computer
162.jpg,a view of a road with a hill in the background
588.jpg,a man in a hat and a sword
1525.jpg,a city with a lot of burning buildings
1633.jpg,a woman with a sword in her hand
1292.jpg,a man in a uniform with glasses and a hat
1838.jpg,a man in a suit and tie standing next to another man in a suit
1822.jpg,a man with round glasses and a blue tie and a purple suit
1694.jpg,a person is pouring a cup of tea
771.jpg,a man with a suit and tie standing in front of a chandel
897.jpg,a small wooden house
479.jpg,a girl with an umbrella standing in the rain
1843.jpg,a man and woman in bed with a cat
254.jpg,a man sitting at a table with a book and a lamp
951.jpg,a man and woman standing in a room
81.jpg,a man in a suit and hat standing next to another man in a suit
359.jpg,a man and woman walking in front of a green door
2.jpg,a man in a suit and tie is holding a sword
125.jpg,a man in a suit and tie is talking to another man in a suit
943.jpg,a man and woman hug in a room
1123.jpg,a woman in a kimono
18.jpg,a boat with people on it in the water
320.jpg,a man in a suit and tie is standing on a plane
903.jpg,a forest with a path through it
1851.jpg,a man in a library with a book shelf
589.jpg,two people in the rain
382.jpg,a person is writing on a book
1423.jpg,a boy in a hat and glasses with a hat on
357.jpg,a man and woman in police uniforms
804.jpg,a man with a moustache in a coat looking suspiciously out of a plane
1588.jpg,a plane flying over a green field
1107.jpg,a man and woman standing in front of a building
1163.jpg,a girl laying in bed with a pillow
778.jpg,a woman walking through a field with a dog
407.jpg,a small plane with a propeller on it
1546.jpg,a girl with a flower in her hair
554.jpg,a woman and a man sitting at a table
253.jpg,a man holding a book with a picture of a man in a suit
881.jpg,a man in a hat and coat with a gun
953.jpg,hands playing a piano
1481.jpg,a man and woman sitting on a rock
44.jpg,a man in a suit and tie with glasses on
396.jpg,black ink splashing on two men
1310.jpg,a man with a mustache and a hat
990.jpg,a man in a suit and tie with a tie
977.jpg,a man in a suit and tie standing next to another man in a suit
1122.jpg,a man in a suit and tie standing in front of a door
473.jpg,two men in a field of flowers
311.jpg,a crowd of people in a room with a man in a suit and tie
181.jpg,a man riding on the back of a horse
1610.jpg,a man in a suit standing on a rock
701.jpg,a boy with glasses and a tie is looking at something
1768.jpg,a group of people hugging in the air
950.jpg,a group of people sitting on a bed
1607.jpg,three people in a room full of books
1261.jpg,a woman in a kimono
164.jpg,a man in a suit and tie standing next to another man in a suit
294.jpg,a man in a suit is laying on the ground
1050.jpg,a man and woman sitting at a table in front of a window
911.jpg,a man standing on top of a wooden structure
54.jpg,a house with a man standing in front of it
1210.jpg,a house with a tree in the background
1278.jpg,a woman laying in bed with a pillow
147.jpg,people running in front of an old car
704.jpg,a man standing in front of a house
227.jpg,a man in a hat and a woman in a dress
1028.jpg,a man in a suit and tie walking down a street
338.jpg,a man in a uniform with a hat and a woman in a dress
1678.jpg,a house with a man standing in front of it
1534.jpg,a group of people standing on train tracks
946.jpg,a woman in a pink dress is standing on a ledge
117.jpg,a man standing on top of a building
837.jpg,a man in a suit sitting at a table with a woman
1419.jpg,a man and woman hug in the middle of a city
1336.jpg,a house with a tree in the background
1228.jpg,a woman in a pink jacket and black pants sitting on a bench
519.jpg,the wheels of a plane
1092.jpg,a train with black smoke in the sky
1667.jpg,a small plane flying over a lake
746.jpg,a red barn with a green field in the background
915.jpg,a man in a white shirt and black pants is standing on a wooden platform
733.jpg,a woman standing on top of a wooden structure
290.jpg,a man and woman in a room with a window
908.jpg,a man kneeling on a bench with a dog
517.jpg,a group of people standing in a field
1039.jpg,a car with a man in the back
1490.jpg,a suitcase with a handle and a handle
894.jpg,a man and woman standing on a hill with flowers
1705.jpg,a man in a hat and a suit is looking at a suitcase
1570.jpg,a crowd of people standing in a circle
233.jpg,men in suits and hats
161.jpg,a woman sitting in a chair with a book
1473.jpg,a train with people standing on the tracks
1549.jpg,a girl in a hat and dress holding a book
949.jpg,a girl face with beautiful eyes and a black hair
1529.jpg,a group of people standing around a man in a suit
1332.jpg,a man sitting at a desk with a woman writing
1655.jpg,a man in a hat and top hat with a mustache
99.jpg,a small plane flying over a green field
1641.jpg,a red car is parked in front of a white plane
1455.jpg,a man in a hat and glasses is sitting on a bench
1747.jpg,a man and woman looking at the sky
1390.jpg,two people in a field looking at the sky
1373.jpg,a man in a suit and tie walking through a field
1642.jpg,a white and red laptop with a keyboard on top
1606.jpg,a man in a suit and tie is standing on a roof
1214.jpg,a man and woman in bed with a red heart
813.jpg,a man walking down a street next to a building
204.jpg,a young boy looking at a machine
1749.jpg,a woman in a striped shirt is looking at a cell
783.jpg,a man in a suit and tie with a smile on his face
424.jpg,a man in a suit and tie is kicking another man in a suit
1496.jpg,two people in a field with a dog
350.jpg,a man standing next to an airplane in a hangar
1244.jpg,a boy in a sailor uniform with a hat and glasses
1590.jpg,a green plane with people standing around it
1307.jpg,a man and woman looking at a mountain
1011.jpg,a group of people sitting on a bench
702.jpg,a man standing on a balcony with flowers
384.jpg,a plane flying through the clouds in the sky
1698.jpg,a person is writing on a piece of paper
1791.jpg,a group of people standing around a table
1635.jpg,a large white bird flying over a city
668.jpg,a woman in a hat and a man in a hat
369.jpg,a man and woman in a suit and tie standing next to each other men
1543.jpg,a group of people in a crowd of people
639.jpg,a man in a suit and tie is looking at the camera
389.jpg,a plane flying through the sky with a person on it
1808.jpg,a group of people standing on a street next to a train
211.jpg,a person is holding a pencil and writing on a piece of paper
1237.jpg,a man in a blue suit standing in front of a wooden door
1206.jpg,a man in a red shirt is standing on a red and green field
131.jpg,a group of people walking through a park
1313.jpg,a woman holding an umbrella in the grass
143.jpg,a busy city street with a car and a man riding a bicycle
1511.jpg,a boy and a girl are hugging in the air
1750.jpg,a man flying in the sky with a plane
337.jpg,a man standing on top of a plane
766.jpg,a man in a suit and tie standing in front of a bar
1519.jpg,a man walking down a train track with a woman
1819.jpg,a man in a suit and tie standing next to a woman in a suit
602.jpg,a man and woman standing in front of a field
415.jpg,a plane with a man in the cockpit on the beach
1441.jpg,a large cloud
709.jpg,a young boy with glasses and a white shirt
119.jpg,a man and woman sitting on a bench
167.jpg,a boat floating in the ocean with a large cloud above it
574.jpg,a young girl looks at a tree in the woods
1813.jpg,a view of a village with boats and houses
1299.jpg,two small planes flying in the sky
61.jpg,a man standing on top of a truck
1181.jpg,a woman in a red coat and a man in a red coat
1619.jpg,a person holding a bunch of money
1850.jpg,a man in a suit and glasses sitting at a table
1170.jpg,a bed with a pink comforter and a pink pillow
458.jpg,a small car with a roof and a roof rack
1657.jpg,a man flying over a green field with a plane
1084.jpg,a man and woman standing in front of a train
1411.jpg,a woman in a kimono
864.jpg,a man with a green jacket and a white shirt
251.jpg,a man in a white shirt and a woman in a white shirt sitting at a table with a cup
1391.jpg,a woman and a man are looking at a woman in a field
576.jpg,a woman in a yellow shirt and black hair stands in front of a tree
1532.jpg,a crowd of people standing on train tracks
1711.jpg,a man in a suit is cutting a piece of paper
249.jpg,a woman in a red dress sitting at a table with a book
1142.jpg,many office workers in white buttoned shirts
1240.jpg,a man in a red hat and a black coat standing in front of a tree
490.jpg,a man in a suit and tie is standing in the grass
326.jpg,a man in a suit and hat standing in front of a green field
436.jpg,a man in a white suit and hat standing next to a plane
1646.jpg,a man is standing in front of a tree
1226.jpg,a man and woman kissing in a room
17.jpg,a barn with a red roof and a green door
1740.jpg,a train with people standing on the tracks
1565.jpg,a crowd of people standing on a stage
1438.jpg,a man in a suit and a fish
291.jpg,a man laying on the ground in a field
1339.jpg,a couple laying in bed
546.jpg,two men walking on top of an old plane
1380.jpg,a large pile of junks in the middle of a field
942.jpg,a woman in a pink dress standing on a bridge
1857.jpg,a man with his head under a folded sheet of paer
557.jpg,a man standing in front of a tree
1043.jpg,a man in a suit and tie standing in front of a door
1716.jpg,a man walking down a street next to a building
607.jpg,the front of a ship
1057.jpg,a man in a suit and tie standing next to a train
872.jpg,the jets from the jets
1575.jpg,a woman in a white shirt and a hat
1786.jpg,a large group of people standing around a building
1644.jpg,a plane flying through the sky with a man on it
1286.jpg,a woman in a kimono outfit stands in front of a window
239.jpg,a model of a gun with a gun in the fore
1668.jpg,a hand writing with a pencil
180.jpg,a hand holding a ruler over a sheet of paer
999.jpg,a group of people standing around a table
1079.jpg,a man in a suit and tie holding a piece of paper
809.jpg,a video game with a large amount of smoke coming out of the water
1321.jpg,a plane flying through the sky with a green moon in the background
1829.jpg,a group of people sitting around a table
1395.jpg,a boy and a girl looking at each other people
174.jpg,a man in a suit and tie is kissing another man
1401.jpg,a crowd of people
1145.jpg,a group of people sitting in a classroom
1691.jpg,a man in a blue suit and a robot
71.jpg,a small plane flying over a lush green field
1703.jpg,a man in a blue shirt and hat standing in front of a crowd
94.jpg,a man and woman standing in a field
562.jpg,a book cover with a path through the jungle
895.jpg,a man in a suit and glasses looking at another man in a suit
1121.jpg,a man in a suit and tie standing next to a woman in a bed
1351.jpg,a woman in a pink kimono robe
1717.jpg,a man in a white shirt and blue pants is standing on a street
1765.jpg,a girl in a pink coat is sitting on a train platform
456.jpg,men in suits standing on grass
278.jpg,a man sleeping in bed with a woman
1168.jpg,a group of people standing in a line
922.jpg,a bus is driving down the road in a rural area
1166.jpg,a group of people in a room with one person raising their hands
1817.jpg,a large airplane flying through the clouds
1255.jpg,a woman in a kimono suit is playing cards
1094.jpg,a man in a hat and a suit sitting on a bench
806.jpg,a man with a smile on his face
6.jpg,a man in a suit and hat standing next to a boat
1176.jpg,a woman laying in bed with a pillow
1725.jpg,a man standing on top of a roof
258.jpg,a man in a white shirt and a red shirt holding a knife
135.jpg,a man in a suit and hat holding a bag
1684.jpg,a person eating a meal with chops and chops
1264.jpg,a woman in a kimono
1248.jpg,a green car with a person in the passenger seat
703.jpg,a bird is perched on a red roof
640.jpg,a man in a suit and tie is talking to another man in a suit
630.jpg,a man in a suit and tie is flying a plane
465.jpg,a knife and paintbrushs on a green background
1091.jpg,a woman in a kimono
42.jpg,a man in a suit and tie standing next to a woman
1305.jpg,a group of people standing in front of a plane
598.jpg,a man and woman standing in the rain
72.jpg,a man standing on top of a hill
1060.jpg,a group of people in a room with a man in a hat
753.jpg,a girl in a pink shirt is standing on a roof
956.jpg,a group of people in a room with a piano
377.jpg,a plane
1603.jpg,a man is standing on top of a plane
96.jpg,a woman in a kimono
1033.jpg,a group of people laying on a roof
560.jpg,a forest with a path through it
324.jpg,a plane flying over a green field
1049.jpg,a man and woman sitting at a table in a room
1601.jpg,a town with houses and people
672.jpg,two men in a field of flowers
335.jpg,a man in a suit and tie standing on a platform
1582.jpg,a boy in a blue shirt and glasses stands in front of a tree
1412.jpg,a woman in a kimono kima kima kima kima kima kima kima
352.jpg,a man in a coat and round glasses
1542.jpg,a group of people standing around a man laying on the ground
1762.jpg,a girl in a pink shirt and a man in a blue shirt
1719.jpg,a boy in a blue shirt and glasses looking at a fish
1319.jpg,a man and woman standing in a field
623.jpg,a small plane with a man standing next to it
1340.jpg,a man with glasses and a white shirt
1141.jpg,a man in a sailor ' s uniform and a woman in a sailor ' s uniform
1602.jpg,a man with glasses and a suitcase walking down a street
1146.jpg,a man holding a piece of paper with a picture of a man in the background
600.jpg,a man holding an umbrella and a woman holding an umbrella
1172.jpg,a man and woman looking at a mirror
280.jpg,a man in a hat and glasses stands in front of a building
1328.jpg,a group of fighter jets flying through a cloudy sky
545.jpg,a man in a suit and a woman in a pink suit stand on a platform with a large tower
1147.jpg,a bunch of boats floating in the water
1422.jpg,a man in a suit and a hat is flying over a city
966.jpg,a man in a suit holding a glass of wine
1724.jpg,a man in a hat and glasses sitting on a bench
1274.jpg,a man in a suit and hat standing next to a woman in a suit
1707.jpg,a man and woman stand in front of a door
418.jpg,a small plane sitting on top of a wooden floor
712.jpg,a man in a white shirt and black pants standing in front of a building
972.jpg,the three men in uniform are looking at each other men
1748.jpg,a group of people in a field with a man and woman
1150.jpg,a plane flying over a body of water
140.jpg,a man in a suit and tie is standing next to a camera
1505.jpg,a woman and a man are holding hands
663.jpg,a person holding a paintbrush in their hand
1365.jpg,a woman in a kimono suit is playing cards
304.jpg,a man in a pink shirt is sitting on a metal roof
175.jpg,a man is walking on a train track with a horse
608.jpg,two men with black ink splashing on them
1568.jpg,a man in a suit and top hat with a mustache
95.jpg,a man in a suit and hat with a hat on
1844.jpg,a large ship in the ocean with a large cloud above it
259.jpg,a boy reading a book in front of a window
24.jpg,a man and woman stand in front of a building
754.jpg,a man in a white uniform holding a hat
187.jpg,a man in a coat and round glasses
503.jpg,a woman in a kimono robe stands in front of a door
1501.jpg,a man in a hat and a hat is looking at a destroyed house
62.jpg,a man laying on a bed with a blanket
1260.jpg,a woman in a brown dress is standing in front of a house
570.jpg,a woman in a yellow dress standing in the woods
913.jpg,a boy with big eyes and a red shirt
39.jpg,a man in a suit sitting at a desk
527.jpg,a man with glasses and a mustache in a room
534.jpg,a man in a suit and tie standing in front of a bar
718.jpg,a woman in a pink jacket and white shirt stands on a roof with a blue sky behind her
509.jpg,a man in a suit and tie standing in the snow
370.jpg,an old man in a suit and red tie looks at another man
584.jpg,a man and woman walking in the rain
1026.jpg,a man and woman stand in front of a table with a box
610.jpg,a small plane flying through the sky
757.jpg,a man and woman sitting under an umbrella
924.jpg,a man in a suit and hat standing on a train
292.jpg,a man in a suit and tie standing in front of a window
802.jpg,a green field with a tree in the distance
502.jpg,a woman in a dress and hat standing in the grass
1669.jpg,a crowd of people in a subway car
1859.jpg,a man and woman sitting on a pile of books
840.jpg,two young girls reading books in a library
1784.jpg,a man and woman hug in the middle of a field
154.jpg,a train with a man standing next to it
1333.jpg,a room with a table and chairs in it
611.jpg,a man in a red shirt is flying a plane
142.jpg,a car with a man in the back driving down a street
998.jpg,people sitting in a room with a lamp
515.jpg,a man standing on a balcony of a house
1360.jpg,a green car with a man in the back seat
1540.jpg,a group of people in a village with a horse drawn on the ground
854.jpg,a man in a white shirt and glasses standing next to a woman in a blue shirt
948.jpg,a man and woman in a room with a man in the background
700.jpg,a bird flying in the sky with a bird flying above it
710.jpg,a boy with big eyes and a red shirt
1555.jpg,a boy in a hat and glasses holding a book
1552.jpg,a boy in a hat and glasses sitting on a bench
1773.jpg,a view of a lake with a boat in the water
531.jpg,a man standing next to a large robot
139.jpg,a large building with a sign that says hotel
1051.jpg,a person holding a box with a book in it
1222.jpg,a woman laying on a bed next to a man
53.jpg,a group of people standing around a table
1795.jpg,a car parked in front of a building
275.jpg,a train is coming to the ground with smoke coming out
1400.jpg,a man in a hat and a man in a blue shirt
1432.jpg,a man in a hat and glasses is looking at a suitcase
1451.jpg,a boy sitting on a bench with a woman standing next to him
246.jpg,a small plane flying over a lush green field
941.jpg,a woman laying in bed with a bottle of wine
452.jpg,a man in a hat and glasses looking at the sky
1191.jpg,a man and woman standing on top of a plane
906.jpg,a man in a suit and tie holding a piece of paper
494.jpg,a man in a suit and glasses holding a baseball bat
1296.jpg,a man and woman standing on top of a hill
642.jpg,a man in a suit and tie sitting at a table
221.jpg,a man in a suit and tie with a surprised look on his face
989.jpg,a plane flying over the ocean with a red star in the background
1083.jpg,a man in a suit and hat sitting on a roof
1659.jpg,a man in a suit and tie riding on a boat
430.jpg,a woman and a man in a forest
907.jpg,a red rose on a green background
1096.jpg,a large sliding door with a glass panel
1393.jpg,a woman in a hat and a man in a suit are looking at a wooden box
133.jpg,a large group of people standing around a building
1024.jpg,a man in a hat and a white shirt is standing on a green field
1398.jpg,a room with a desk and a window
58.jpg,a person eating a meal with chops and chops
386.jpg,a boat with people inside and a man in the cockpit
317.jpg,a man in a suit and tie sitting at a table
1409.jpg,a man in a hat and glasses sitting on a bench reading a book
937.jpg,a man swinging a golf club on a sunny day
1025.jpg,a woman in a red coat and a man in a red coat hugging
670.jpg,a man standing on top of a hill
1102.jpg,a man in a kimono suit and a woman in a kimono
708.jpg,a woman standing on top of a wooden structure
1271.jpg,a small plane flying over a lush green field
270.jpg,a train with a green and red engine
1479.jpg,a man in a blue suit and hat running through a crowd with a bag
1428.jpg,a woman in a kimono robe is sitting on a train
1343.jpg,a woman laying in bed next to a man
1450.jpg,a bunch of people in a crowded room
1149.jpg,a plane flying through the sky with a blue sky in the background
1626.jpg,a man and woman standing in front of a castle
865.jpg,two men in suits stand in front of a blackboard
383.jpg,a book with writing on it
982.jpg,a man is sitting at a table with a piece of paper
1815.jpg,a man in a suit and hat walking down a path
484.jpg,a boy in a white suit and glasses holding a sword
298.jpg,a scene with a plane from the wind rises
542.jpg,a man in a white shirt and glasses sitting at a table with a laptop
569.jpg,a person standing in the middle of a forest
935.jpg,a man in a white uniform holding a paper airplane
1807.jpg,a woman in a white shirt and blue jeans is holding an umbrella
1100.jpg,a train with greenery in the background
637.jpg,a man in a suit and tie with glasses
68.jpg,a boy sitting at a desk writing
1277.jpg,a man with a mustache and a top hat
674.jpg,a boy is reading a book in bed
1090.jpg,a bus is driving down the road in a rural area
936.jpg,a girl looks out from a window at the sky
1064.jpg,a man in a suit and tie is sitting on a train
1009.jpg,a group of people sitting around a table
166.jpg,a bunch of airplanes flying in the sky
1110.jpg,a person holding a bowl with a spoon in it
1329.jpg,a house with a large roof and windows
245.jpg,a woman sitting at a table with a book and a lamp
257.jpg,a man in a suit and tie is walking next to a woman in a suit
1677.jpg,a group of people standing around a table
1482.jpg,a man in a hat and glasses stands in front of a building
1331.jpg,a man in a kimono
1521.jpg,a group of people in a park with one person holding a child
374.jpg,a man and woman in a room with a window
1581.jpg,a man and woman walking down a street
1554.jpg,a group of people sitting in a forest
609.jpg,a plane flying over a body of water
1279.jpg,a man and woman are in bed together
358.jpg,a man in a shirt and pants sitting on a chair
179.jpg,a man in a suit standing next to a large airplane
1737.jpg,a train with people standing on the tracks
1309.jpg,two men with clounds in the background
1503.jpg,two girls with smoke in the background
98.jpg,a girl in a pink dress looking at a castle
1502.jpg,a man sitting on a bench in front of a window
1378.jpg,a man in a hat and a man in a suit and tie are talking to each other men
325.jpg,a man and woman in a field with a hat on
539.jpg,a woman in a purple dress is standing in front of a man
1636.jpg,a man is sitting on top of a mountain
1314.jpg,a man and woman in business attire standing next to each other people
772.jpg,a man and woman in a white shirt and glasses
176.jpg,a small plane is parked inside of a building
279.jpg,a man in a hat and glasses stands in front of a glass jar of nuts
76.jpg,two men in coats standing on an hill with binoculars
993.jpg,a group of people standing around a table
361.jpg,a man and woman walking down a street
892.jpg,a person writing on a piece of paper
785.jpg,a man and woman in a room with a staircase
1368.jpg,a house in the woods with a tree
266.jpg,a man in a suit and hat standing in the rain
83.jpg,a person holding a stop watch in their hand
822.jpg,a man standing next to a plane in a hangar
1082.jpg,a man in glasses and a shirt is sitting at a table
1802.jpg,a boy in a hat and glasses sitting on a rock
1384.jpg,a train is coming down the tracks in the background
800.jpg,a man and woman in a boat with a man holding a boat
1352.jpg,a woman in a kimono
816.jpg,a woman in a black dress standing in front of a barn
681.jpg,a person holding an umbrella in the grass
265.jpg,a man and woman are sitting at a table
148.jpg,a group of people in a car with a man in the back
815.jpg,a man in a hat and glasses is sitting on a bench
1596.jpg,a crowd of people standing around a tree
453.jpg,a robot with a gun in its hand
485.jpg,a man in a field with a dog
1647.jpg,a man with a sword and a sword in his hand
593.jpg,a man in a suit and tie with a sword
954.jpg,a man in a suit and tie standing in front of a window
127.jpg,a train with a man looking out the window
282.jpg,a steam train with a man on it
1108.jpg,a man and woman in a room with a window
680.jpg,a woman in a hat and aprons is standing on a roof
421.jpg,a man sitting at a table with a book
1771.jpg,a woman and a man are standing in front of a car
506.jpg,a man in a suit standing in front of a door
1627.jpg,a man in a suit and hat standing next to a woman in a dress
612.jpg,a man walking through a forest with trees
652.jpg,a man in a helmet riding a motorcycle
1156.jpg,a woman in a kimono
1323.jpg,a poster with a ship in the ocean
1595.jpg,a man in a hat and a woman in a dress
755.jpg,a forest with a stream running through it
1308.jpg,a man in a top hat and top hat with a mustache
1616.jpg,a man and woman in a room with a computer
814.jpg,a man and woman standing in front of a staircase
346.jpg,a man in a suit and tie standing in front of a group of people
1449.jpg,a train with a red eye on it
696.jpg,a man flying a small plane in the sky
1729.jpg,a house with lot of people in it
513.jpg,a man in a forest with trees and bushes
1027.jpg,a boy with glasses and a white shirt
1408.jpg,a man in a suit and tie standing on a hill
933.jpg,a train car with a man in the back
656.jpg,a man with a green shirt and a green shirt
1687.jpg,a man in a uniform holding a bowl of food
440.jpg,a man in a suit and hat is sitting on a plane
1148.jpg,a group of people sitting in a classroom
1569.jpg,a plane flying through the sky with a sky background
1111.jpg,a woman in a kimono
194.jpg,a windmill with a green background
1452.jpg,a man in a suit and tie with a gun
784.jpg,two people in lab coats and ties
1805.jpg,a crowd of people standing in front of a building
720.jpg,a man in a suit and tie standing in front of a table
687.jpg,a bird is sitting on a birdbat in the grass
1806.jpg,a man in a suit and tie is sitting in a car
336.jpg,the wind is flying over the tower
1779.jpg,a train is coming to the ground with people around it
537.jpg,a man in a suit and hat sitting on a bench
36.jpg,a man in a suit is standing on a rock
1387.jpg,a crowd of people in a subway car
1493.jpg,a woman and a man sitting in the grass
366.jpg,a man and woman in a room with a window
360.jpg,a horse drawn across a road in a rural area
1541.jpg,a man in a red building with a statue
686.jpg,a man in a suit and hat standing next to another man in a suit
1133.jpg,a bus is parked on the side of a road
1030.jpg,a tree with no leaves and no leaves
1285.jpg,a bus with a man driving down the road
1628.jpg,a man in a suit and hat standing next to a car
405.jpg,a woman in a kimono outfit stands in front of a bamboo tree
379.jpg,a boy with glasses standing in front of a gate
381.jpg,the train to nowhere
624.jpg,a small plane flying over a field
705.jpg,a man in a white shirt and glasses standing on a roof
629.jpg,a man in a suit and tie standing on a bridge
1761.jpg,a man in a suit and tie standing next to a train
1863.jpg,a young man with glasses and a tie
1298.jpg,a girl laying in bed with a pillow
1042.jpg,a man in a hat and a woman in a dress
504.jpg,a man and woman standing in front of a tree
156.jpg,a small plane sitting on top of a field
1006.jpg,a group of people sitting in a room
1193.jpg,a person walking in the snow with mountains in the background
1128.jpg,a woman laying in bed with her head on the pillow
1135.jpg,a woman in a red kimono outfit sitting at a table
1533.jpg,a man sitting on a roof with a cat
1103.jpg,a woman in a kimono
1535.jpg,people walking with bags through a forest
85.jpg,a man in a hat and glasses looking at a bird
1824.jpg,a bunch of fish flying through the sky
548.jpg,a man with a plant in his mouth
1492.jpg,a group of people standing in a field
409.jpg,a group of people standing around an airplane
1134.jpg,a man in a green shirt is driving a bus
983.jpg,a man in a suit and hat with a mustache
1012.jpg,a man and woman standing in front of a whiteboard
1157.jpg,a woman in a kimono
1372.jpg,a plane flying through the sky with a cloud in the background
898.jpg,a door with a window and a window pane
1792.jpg,a large building with a sign on top
88.jpg,a man in a suit and tie is walking next to a woman in a suit
572.jpg,a woman in a yellow shirt and a man in a yellow shirt
272.jpg,a boat floating in the water with people standing around it
158.jpg,a man in a kimono suit and a woman in a kimono
471.jpg,a man standing on top of a hill
1645.jpg,a small plane flying through the sky
1688.jpg,a woman in a kimono outfit and a man in a kimono suit
524.jpg,a man in a suit is standing next to a plane
63.jpg,a man is playing golf on a green field
1254.jpg,a woman in a kimono
1611.jpg,a man and woman stand in front of a pile of books
1638.jpg,a man and woman in front of a building
1294.jpg,a bunch of airplanes sitting on top of a lush green field
968.jpg,a group of people sitting at a table
940.jpg,a woman in a pink shirt standing on a wooden platform
1783.jpg,a group of people standing around a man in a field
884.jpg,an old man in a hat
988.jpg,a woman standing on top of a hill holding an umbrella
775.jpg,a man in a hat and glasses is walking through a field
543.jpg,a woman in a black dress standing in front of a window
1056.jpg,a train is coming down the tracks in a city
1144.jpg,a man in a suit and tie standing next to another man in a suit
353.jpg,a man in a hat and coat standing in front of a train
1392.jpg,a man and woman looking at a window
1335.jpg,a tree with pink flowers in the sky
1130.jpg,a woman laying on a bed with a pillow
1334.jpg,a pink cherry tree with a blue sky in the background
844.jpg,a man and woman standing in front of a building
197.jpg,a man and woman in police uniforms
955.jpg,a man in a suit and tie standing next to a woman in a pink suit
1301.jpg,a man and woman in a hat and coat
193.jpg,a group of people in a classroom
1075.jpg,a man in a kimono suit walking down a hallway
1219.jpg,a woman with a red bow on her head
827.jpg,a man in a suit sitting on a bench
834.jpg,a blueprint of a building with a blueprint
351.jpg,a group of people standing in front of a train
1459.jpg,a man in a white suit and hat sitting on a train
880.jpg,a boy is sleeping in bed with a book
981.jpg,a group of people sitting in a classroom
1320.jpg,a man in a hat and suit is waving
1262.jpg,a person holding a bowl with a small bowl in it
481.jpg,a woman in a green dress standing in the grass
1001.jpg,two men in suits
371.jpg,a boy with glasses and a tie
1708.jpg,a group of people in a room with a man holding a knife
1685.jpg,a group of people sitting around a table
1788.jpg,a man in a suit and hat carrying a large box
1078.jpg,a man in a suit and helmet is shooting a gun at a gun range
1014.jpg,a man and woman looking at a computer screen
328.jpg,a group of people riding on a boat
1751.jpg,a group of people in a field with a dog
1265.jpg,a man in a brown shirt and white shirt sitting on a bench
1461.jpg,a man in a suit and tie is standing on a wooden platform
1483.jpg,a group of people in a car with hats and glasses
1062.jpg,a man in a suit and tie is standing on a train
649.jpg,a man in a suit and tie holding a cane
920.jpg,a man in a white shirt and glasses sitting on a chair
767.jpg,a man in a white shirt and tie standing in front of a staircase
318.jpg,three men and a kid
1846.jpg,a man in a suit and tie reading a book
45.jpg,a man flying over a green field
1634.jpg,a plane flying over a building with a man in the background
985.jpg,a group of people in a room with a chalk board
1270.jpg,a man in a suit and hat with a mustache
1510.jpg,a group of people hugging in the air
761.jpg,a group of people standing around a building
35.jpg,two men in pink suits running happily
394.jpg,two men with black ink splashing in their faces
798.jpg,a woman in a pink shirt and a black hair
867.jpg,a wooden box with a sign on it
1019.jpg,a mountain scene with clouds and mountains in the background
1407.jpg,a village with thatched houses and a green hill in the background
201.jpg,three men in coats and hats meet in private
1586.jpg,a boy in a blue shirt and glasses sitting on a bench
1322.jpg,a japanese garden with a stone path
1600.jpg,a man in a suit and tie standing on a train
73.jpg,a man in a hat and a woman in a suit
126.jpg,a man in a hat and glasses stands in front of a store
1664.jpg,a boy with a magni looking at the camera
1052.jpg,a large factory with smoke coming out of it
790.jpg,a boy with glasses and a tie is looking at the camera
1858.jpg,a man sitting at a desk with a book
1281.jpg,a bus is parked on the side of a road
505.jpg,a yellow car parked in front of a wooden house
507.jpg,a man in a suit and tie standing in front of a window
1632.jpg,a man in a boat with a camera
634.jpg,a red and white paper boat floating in the water
4.jpg,a man in a suit and tie standing in front of a building
1088.jpg,a man in glasses and a white shirt is sitting on a chair
1794.jpg,a man in a suit and tie is standing next to a car
644.jpg,a man in a suit smoking a cigarette
578.jpg,a couple hugging in front of a car
1561.jpg,a man in a suit and hat is flying through the air
706.jpg,a hand holding a piece of paper with a knife in it
1377.jpg,a group of people standing in front of a flag
1086.jpg,a man is standing in a room with a suit hanging on the wall
730.jpg,a man and woman sitting under an umbrella
852.jpg,a man riding a bike next to a woman
1169.jpg,two men standing in front of a whiteboard
1520.jpg,a man and woman walking down a train track
26.jpg,a man in a white shirt and a red hat
429.jpg,a man in a suit and sunglasses is standing on a boat
914.jpg,a man and woman standing in front of a train
0.jpg,a bird flying over a green field
833.jpg,a man and woman in glasses looking at each other people
791.jpg,a man in a suit and tie talking to another man in a suit
1738.jpg,a man and woman walking down a street
1475.jpg,a group of people standing next to a train
751.jpg,a man and woman standing in the grass
183.jpg,a man and woman stand in a large metal structure
437.jpg,a man in a hat and suit walking across a field
289.jpg,a man in a suit and tie standing next to a woman in a suit
263.jpg,a man in a suit and hat with a hat on
1183.jpg,a man in a suit and tie standing next to a woman in a suit
130.jpg,a train is coming to the station
1044.jpg,a person standing in the snow with mountains in the background
1531.jpg,a girl wearing a hat holding a hat and a bag with two men behind her
1437.jpg,a group of people standing in front of a train
1491.jpg,a bunch of books sitting on top of a table
399.jpg,a man in a suit and tie is standing on a plane
832.jpg,a boy and a girl looking at each other boy
1801.jpg,men running in front of an old car
1699.jpg,a man sitting at a table writing
77.jpg,a group of people standing around a table
631.jpg,a group of people sitting in a restaurant
483.jpg,a person holding an umbrella in the rain
1184.jpg,a group of people standing around a plane
274.jpg,a man in a suit and tie standing next to a train
1364.jpg,a woman in a kimono
118.jpg,a man laying on the ground with a dog
1799.jpg,a plane flying through the clouds with a rainbow colored sky in the background
1065.jpg,a man in a hat and a woman in a suit
301.jpg,the wheels of a plane
1572.jpg,a man in a hat and glasses is holding a cell
190.jpg,a blue and white building with a large glass roof
1816.jpg,a man in a hat standing in front of a building
1625.jpg,a man and woman standing in front of a castle
50.jpg,a man in a suit sitting at a table
1406.jpg,a village with thatched houses and a green mountain in the background
385.jpg,a small plane flying through the sky
1302.jpg,two small planes flying in the sky
876.jpg,night time on a city street with people riding bicycles and walking in the light of a street lamp
141.jpg,a car parked in front of a building
794.jpg,a group of people in a movie theater
1696.jpg,a group of people sitting around a table
60.jpg,a man in a blue shirt is eating food
1113.jpg,a woman in a kimono outfit and a man in a suit sit on a chair
1385.jpg,a group of planes flying over a green field
1022.jpg,a man standing on a wooden platform next to a tree
1652.jpg,a man in a suit and hat with a mustache
25.jpg,a small plane flying through the sky
1471.jpg,a woman in a train station with a man walking down the train
870.jpg,a group of people sitting around a table
868.jpg,a person is reading a book on a table
1715.jpg,a group of people standing around a table
1306.jpg,a man in a field with a kite
601.jpg,a man and woman walking in the grass
97.jpg,a man in a suit and tie sitting in a chair
480.jpg,a man in a hat and coat standing in front of a field
1672.jpg,a group of people in a train with luggage
354.jpg,a small plane sitting on top of a building
1207.jpg,a man and woman sitting at a table in front of a window
1513.jpg,the great war
1524.jpg,a group of people in a room with a man holding a woman
690.jpg,a man and woman are sitting at a table
1623.jpg,a plane flying over a green field
1283.jpg,a group of people in suits and hats
1257.jpg,a girl reading a book in the garden
1040.jpg,a man looking out of a window at a building
828.jpg,a plane flying through the sky with a red and white tail
1216.jpg,a man and woman sitting at a table
765.jpg,a man with a green shirt and a green shirt
1397.jpg,a group of people in a room with a sign
230.jpg,professor layton and the mystery of the mind
1093.jpg,a man in a suit and tie standing on a roof
1643.jpg,a man in a hat and a suit with a mustache
875.jpg,a green bus is parked on the street
1362.jpg,a woman in a kimono outfit standing in a room
182.jpg,a man standing on top of a giant robot
1295.jpg,a man standing on top of a green hill
586.jpg,a group of people in a room with a sign
1396.jpg,a japanese garden with a stone path
1660.jpg,a woman in a kimono
1462.jpg,a woman in a hat and glasses with a cat
1200.jpg,a helicopter with two helicopters flying over it
1827.jpg,a small plane sitting on top of a field
1435.jpg,a bunch of fish flying through the sky
1417.jpg,a man in a kimono suit is being a woman in a kimono
1266.jpg,a green field with a black cloud in the sky
731.jpg,a man standing in front of a house
1793.jpg,a large building with a sign on top
604.jpg,a green field with a rainbow in the sky
219.jpg,a bunch of people sitting in a train
1388.jpg,a man in a suit and tie standing next to another man in a suit
780.jpg,a boy in glasses and a white shirt
896.jpg,a small wooden cabin with a blue door
818.jpg,two men stand in front of a plane
368.jpg,a woman in a kimono
1671.jpg,a man sitting at a table with a woman standing next to him
297.jpg,women in colorful dresses and a man in a suit looking out of the front of a plane
1509.jpg,a girl in a kimono
1182.jpg,a man in a military uniform is looking at a machine
974.jpg,two men in a city with a green building behind them
1230.jpg,a man in a uniform and glasses standing in front of a field
582.jpg,a plant with green leaves growing out of it
305.jpg,the robot that is standing on top of a building
1665.jpg,a wooden fence with japanese writing on it
697.jpg,a man sitting at a table with a cup and a cigarette
511.jpg,a small wooden cabin with a blue door
1118.jpg,a woman in a pink dress and a man in a suit
839.jpg,a car with a hood and hood venter
1249.jpg,a woman in a room with a clock
1683.jpg,a green landscape with a river and a bridge
1478.jpg,the train to boden
1695.jpg,a man in a kimono suit is being pulled by a woman
1005.jpg,a group of people sitting in a row
1229.jpg,a woman in a pink kimono suit standing in a room
986.jpg,a boy in glasses and a white shirt is standing next to a book
739.jpg,a man in a pink suit flying through the air
1675.jpg,a group of people standing in front of a building
1485.jpg,a woman in a kimono
1682.jpg,a village with thatched houses and a green hillside
1733.jpg,a boy in a suit and glasses sitting on a chair
271.jpg,a man in a coat and hat walking through snow
735.jpg,a boy in a hat and glasses is sitting on a rock
203.jpg,two people in hats and glasses stand next to each other people
1132.jpg,a man in a suit and hat standing on a ledge
20.jpg,a man is standing in the water near a building
825.jpg,a man in a white shirt and glasses looking at a building
1002.jpg,a man in a white shirt and brown pants with a backpack
1370.jpg,a woman sitting on a bench looking out the window
824.jpg,a group of people standing around a table
462.jpg,a man walking through a forest
1344.jpg,a woman laying on the floor in a room
1693.jpg,a man in a suit and tie with a sword
777.jpg,a man sitting at a table with a woman standing next to him
288.jpg,a man in a hat and tie with a mustache
516.jpg,a man in a white shirt and glasses standing in front of a door
1197.jpg,a plane flying in the air
965.jpg,a woman sitting on a bed in a room
165.jpg,a man in a coat and hat walks on a stone path amongst a crowd
512.jpg,a man in a suit is standing on his back in the grass
1223.jpg,a woman laying on the floor in a room
1403.jpg,a man in a suit and tie standing on a balcony
450.jpg,a man in a suit and hat standing on a field
1246.jpg,a person walking down a path through a forest
1853.jpg,a man in a suit and tie is looking at a woman
1573.jpg,a group of people standing around a man in a suit
1076.jpg,a man is standing on top of a plane
1621.jpg,a hand holding a piece of paper with a picture of a plane
132.jpg,a woman with glasses and a blue shirt
535.jpg,a man in a suit and tie is flying a small plane
626.jpg,a group of people sitting at tables under umbrellas
781.jpg,a man in a suit and tie standing in front of a staircase
662.jpg,a man standing on top of a hill holding an umbrella
1359.jpg,a girl in a plane looking out the window
1550.jpg,a crowd of people in a boat
1238.jpg,a man in a hat and top hat with a mustache
1402.jpg,a group of people standing on a train
184.jpg,a small plane with a man standing next to it
714.jpg,a green tree with a white arrow in the middle
1812.jpg,a large field with houses and a road
1008.jpg,a group of people standing around a table
1589.jpg,a man walking down a street with a backpack
1789.jpg,an old man with many people in the background
523.jpg,a plane with lots of people in it and a flag waving in the foreground
1258.jpg,a boy in a sailor uniform with a hat and glasses
667.jpg,a man walking through a field of flowers
493.jpg,a girl standing on top of a hill
1375.jpg,a crowd of people in suits and hats
390.jpg,people in army headgear
938.jpg,the secret of the secret room
1175.jpg,a man and woman sitting on the floor in front of a laptop
27.jpg,a man with a sword and a sword in his hand
499.jpg,a steam train with smoke coming out of it
1770.jpg,a train crossing a bridge over a river
205.jpg,a man in a uniform stands in front of a building
355.jpg,a large body of water
694.jpg,a person cutting paper with scissors and a knife
1171.jpg,a man standing on top of a boat
486.jpg,a man in a suit holding an umbrella
65.jpg,a group of people in uniforms standing in a field
1840.jpg,a man walking down a street with a suitcase
269.jpg,a man in a coat and hat standing in the snow
1759.jpg,a man in a suit standing on a train platform
1098.jpg,a man laying in bed with his head on the pillow
1811.jpg,a large group of people walking down a dirt road
819.jpg,a man and woman stand in front of an airplane
388.jpg,a man in a suit and tie is flying a small plane
226.jpg,a man and a woman in a room with a robot
123.jpg,two people in suits and hats sitting on a bench
223.jpg,a car with a bunch of people inside it
423.jpg,men with black ink stains on them
1562.jpg,a man in a top hat and top hat standing on a wooden platform
212.jpg,a man in a suit and tie sitting at a desk
23.jpg,a man in a pink shirt is standing in front of a pile of metal
488.jpg,a man sitting at a table in front of a window
1777.jpg,a train with smoke coming out of it
551.jpg,a boy with glasses and a book
1608.jpg,a bird flying over a green field
1651.jpg,a group of people in a boat with paper flying around them
1620.jpg,a boy with glasses and a gun in his hand
1341.jpg,a man in a room with a window and a window
959.jpg,a woman in a kimono
684.jpg,a man in a white suit holding a stick
1456.jpg,a man standing on top of a roof
641.jpg,a man in a suit and hat standing next to a plane
200.jpg,a man in a hat and glasses with a hat on
1068.jpg,a woman sitting on a bus looking at the ceiling
1129.jpg,a woman in glasses and a blue shirt
1566.jpg,a crowd of people walking up a flight of stairs
636.jpg,a man in a suit and sunglasses is standing on a boat with seaguls flying around him
69.jpg,a woman and a man are standing in front of a door
1363.jpg,a room with a large window and a table
1007.jpg,a green plane with a man standing next to it
1689.jpg,a woman in a kimono
7.jpg,a man sitting at a table with papers
1690.jpg,a boy in a suit and glasses sitting at a table with a pencil
1526.jpg,a boy with glasses and a cat on his head
466.jpg,a woman in a hat and apron holding a knife
420.jpg,a plane flying over a beach with a person on it
811.jpg,a small village with a small house and a small building
843.jpg,a young boy with glasses and a tie
404.jpg,a man and woman in a kitchen with a clock
1178.jpg,a train is crossing a bridge over a river
1143.jpg,a classroom with a teacher and students
495.jpg,a man in a suit and hat standing next to another man in a suit
1508.jpg,a man and woman walking through a village
322.jpg,a group of people sitting on top of a building
171.jpg,a man in a suit and glasses sitting at a table
1754.jpg,a pile of books and books on a table
367.jpg,a man and woman sitting at a table
676.jpg,two people are walking down a path with umbrellas
807.jpg,a woman standing on top of a hill holding an umbrella
402.jpg,a group of people in a boat with a dog
653.jpg,a man in a suit and tie holding a gun
1114.jpg,a couple kissing in a room
1151.jpg,a woman laying in bed with a pillow
1515.jpg,a group of people sitting on a bench
1209.jpg,a large, colorful tree with pink flowers
1463.jpg,a small plant growing in the ground
1315.jpg,a woman holding an umbrella in the rain
817.jpg,a man in a white shirt and brown pants
1661.jpg,a man in a kimono suit and a woman in a kimono
1778.jpg,a train is coming to the camera
647.jpg,a man in a suit and tie talking to another man
412.jpg,a man in a white shirt and brown pants is holding a large telescope
1097.jpg,a man with a hat and a woman with a hat
553.jpg,a man sitting at a table with a woman
932.jpg,a man in a top hat and a woman in a white dress
312.jpg,a crowd of people in a room with a man in a suit
1755.jpg,a group of people sitting in a field
909.jpg,a man in a white shirt and glasses standing on a roof
439.jpg,a woman and a man walking through a courtyard
1820.jpg,a man in a pink suit and glasses with another man in front of him
252.jpg,a man in a suit and tie pointing at something
80.jpg,a woman with a green shirt and a green shirt
808.jpg,a man and woman walking through a field
1865.jpg,a man in a suit and tie is sitting on a bench
492.jpg,a man and woman sitting in the grass
1847.jpg,a crowd of people standing around a tree
1605.jpg,a fire is burning in the sky above a church
86.jpg,a small plane with a man in the cockpit
605.jpg,a rainbow in the sky over a green field
678.jpg,a man in a white suit holding a sword
231.jpg,a group of people walking down a hallway
812.jpg,a man standing in front of a large green airplane
1196.jpg,a man looking at a blueprint on the table
1489.jpg,a group of people in a field
144.jpg,two people in a car
321.jpg,a group of people standing in front of a ferris
90.jpg,a man in a suit and tie walking next to another man in a suit
1020.jpg,a house in the middle of a field
841.jpg,two young boys looking at a piece of paper
1722.jpg,a man flying through the air with a sword
923.jpg,train with a smoke cloud in the sky
847.jpg,a man in a suit and tie walking down a street
464.jpg,a woman in a kimono
1854.jpg,a man in a suit sitting at a table with a laptop
565.jpg,a woman in a yellow dress and a man in a black suit
1578.jpg,a man and woman walking down a street
16.jpg,a man sitting on top of a mountain looking at a giant rock
1775.jpg,a man in a hat and a baseball cap
760.jpg,a man in a sailor ' s uniform and a woman in a sailor ' s uniform
1153.jpg,a group of people in a classroom
883.jpg,a boy with glasses and a shirt sitting at a table
770.jpg,a woman in a yellow shirt and suspends stands in front of a building
1500.jpg,a woman in a kimono
745.jpg,a plane flying over a field with a sky background
1855.jpg,three people in a room full of books
260.jpg,a man in a suit and tie is walking next to another man in a suit and tie
307.jpg,a man in a suit and tie is standing next to a plane
1127.jpg,a man sitting on a boat with a small boat in the background
1177.jpg,a house in the middle of a field
1085.jpg,a man in a striped shirt and glasses looking at a computer
803.jpg,a man and woman in a hat and glasses stand next to each other people
615.jpg,two people in a bathtub with soap bubbles
28.jpg,the wings of a broken plane being hit by the waves in the sea
32.jpg,a girl in a pink shirt and glasses looking at a machine
316.jpg,a man in a suit and tie is sitting in a hole
1316.jpg,a man in a suit and tie standing in front of a cloudy sky
1232.jpg,a woman in a kimono
56.jpg,a man and woman walking down a street
992.jpg,a boy in a uniform and a woman in a dress
1551.jpg,a girl in a hat and a man in a suit
1053.jpg,a woman and a man in a room
820.jpg,a group of people sitting at tables under umbrellas
789.jpg,a man in a suit and tie talking to another man
850.jpg,a man in a suit and tie is standing next to a bicycle
719.jpg,a man sitting at a table with a book
1059.jpg,a green plane flying through the sky
919.jpg,a man is standing in a room with a cat
579.jpg,a forest with sunlight shining through the trees
1613.jpg,a man in a suit and a hat is standing in front of a large explosion
1369.jpg,a young boy in a brown shirt and white pants is sitting on a rock with his hands on his
1361.jpg,a window with a view of a tree outside
743.jpg,a woman in a pink dress and hat looking at a mountain
541.jpg,a woman in a purple dress and short hair
823.jpg,a man in a white shirt and glasses is standing in the grass
